id,home_team_win
0,True
1,False
2,True
3,False
4,False
5,False
6,True
7,False
8,False
9,True
10,True
11,True
12,True
13,True
14,True
15,False
16,True
17,True
18,True
19,False
20,True
21,False
22,True
23,True
24,False
25,True
26,False
27,True
28,False
29,True
30,True
31,False
32,True
33,True
34,True
35,True
36,True
37,True
38,False
39,False
40,True
41,True
42,False
43,True
44,True
45,False
46,True
47,True
48,True
49,True
50,True
51,True
52,False
53,False
54,False
55,True
56,True
57,False
58,True
59,True
60,False
61,True
62,False
63,True
64,False
65,True
66,False
67,True
68,True
69,True
70,False
71,True
72,True
73,False
74,False
75,True
76,True
77,True
78,False
79,False
80,False
81,False
82,True
83,False
84,False
85,False
86,True
87,True
88,True
89,True
90,True
91,True
92,True
93,True
94,False
95,False
96,False
97,True
98,False
99,True
100,True
101,True
102,False
103,True
104,True
105,True
106,True
107,True
108,False
109,True
110,False
111,True
112,True
113,False
114,False
115,False
116,True
117,False
118,True
119,False
120,True
121,False
122,True
123,False
124,True
125,True
126,False
127,True
128,True
129,True
130,False
131,True
132,False
133,True
134,False
135,False
136,False
137,True
138,True
139,False
140,False
141,True
142,False
143,True
144,True
145,True
146,True
147,False
148,False
149,False
150,True
151,False
152,True
153,False
154,True
155,True
156,False
157,True
158,False
159,False
160,True
161,True
162,False
163,True
164,False
165,True
166,True
167,False
168,True
169,True
170,True
171,True
172,True
173,True
174,False
175,True
176,True
177,True
178,True
179,True
180,False
181,False
182,True
183,False
184,True
185,False
186,False
187,True
188,True
189,True
190,False
191,True
192,False
193,True
194,True
195,False
196,True
197,True
198,False
199,False
200,True
201,True
202,False
203,True
204,True
205,True
206,False
207,True
208,False
209,False
210,False
211,False
212,True
213,True
214,True
215,True
216,True
217,True
218,False
219,True
220,False
221,True
222,False
223,True
224,False
225,False
226,False
227,True
228,True
229,False
230,True
231,True
232,True
233,True
234,True
235,True
236,False
237,True
238,False
239,True
240,True
241,False
242,True
243,True
244,False
245,True
246,True
247,True
248,False
249,False
250,True
251,False
252,True
253,False
254,True
255,True
256,True
257,False
258,True
259,False
260,False
261,False
262,True
263,True
264,False
265,True
266,True
267,True
268,True
269,True
270,True
271,True
272,True
273,False
274,True
275,False
276,True
277,True
278,False
279,True
280,False
281,True
282,True
283,True
284,True
285,False
286,True
287,True
288,False
289,False
290,True
291,True
292,False
293,False
294,True
295,False
296,False
297,True
298,True
299,True
300,True
301,True
302,True
303,True
304,True
305,True
306,True
307,False
308,True
309,False
310,False
311,False
312,False
313,True
314,False
315,True
316,True
317,True
318,True
319,True
320,True
321,False
322,False
323,False
324,False
325,True
326,False
327,True
328,False
329,True
330,False
331,False
332,True
333,True
334,False
335,True
336,False
337,True
338,False
339,True
340,True
341,True
342,True
343,True
344,False
345,False
346,True
347,True
348,True
349,True
350,False
351,True
352,True
353,True
354,True
355,True
356,False
357,False
358,True
359,False
360,True
361,False
362,False
363,True
364,True
365,False
366,False
367,True
368,True
369,True
370,True
371,True
372,False
373,False
374,False
375,True
376,False
377,False
378,True
379,False
380,True
381,True
382,False
383,True
384,True
385,False
386,True
387,True
388,True
389,True
390,True
391,True
392,True
393,True
394,False
395,True
396,True
397,False
398,False
399,True
400,True
401,True
402,False
403,True
404,False
405,True
406,False
407,True
408,True
409,True
410,True
411,False
412,True
413,False
414,True
415,False
416,True
417,False
418,True
419,False
420,True
421,True
422,True
423,False
424,False
425,True
426,True
427,False
428,True
429,False
430,False
431,True
432,False
433,False
434,True
435,False
436,True
437,True
438,True
439,True
440,False
441,False
442,False
443,False
444,False
445,True
446,True
447,False
448,True
449,True
450,True
451,True
452,True
453,True
454,True
455,True
456,True
457,True
458,True
459,True
460,False
461,True
462,True
463,False
464,True
465,True
466,True
467,False
468,True
469,True
470,True
471,True
472,False
473,False
474,True
475,True
476,False
477,False
478,True
479,True
480,False
481,False
482,True
483,False
484,False
485,True
486,False
487,True
488,False
489,False
490,False
491,True
492,True
493,True
494,True
495,False
496,False
497,True
498,False
499,True
500,True
501,False
502,True
503,True
504,False
505,False
506,True
507,False
508,True
509,True
510,True
511,False
512,True
513,True
514,True
515,True
516,False
517,False
518,True
519,True
520,True
521,False
522,False
523,False
524,False
525,True
526,True
527,False
528,False
529,False
530,True
531,True
532,False
533,True
534,False
535,False
536,False
537,True
538,False
539,True
540,True
541,True
542,True
543,False
544,True
545,True
546,False
547,False
548,True
549,False
550,True
551,False
552,True
553,True
554,False
555,True
556,False
557,True
558,True
559,False
560,True
561,False
562,True
563,True
564,True
565,False
566,True
567,False
568,True
569,True
570,True
571,False
572,True
573,True
574,True
575,True
576,True
577,True
578,True
579,True
580,False
581,False
582,True
583,True
584,False
585,True
586,True
587,False
588,False
589,True
590,False
591,False
592,False
593,True
594,False
595,True
596,True
597,False
598,False
599,False
600,False
601,True
602,True
603,True
604,True
605,False
606,False
607,False
608,True
609,False
610,True
611,False
612,False
613,False
614,True
615,False
616,False
617,True
618,False
619,True
620,True
621,False
622,True
623,True
624,True
625,True
626,False
627,True
628,True
629,True
630,False
631,True
632,True
633,True
634,False
635,False
636,True
637,True
638,True
639,False
640,False
641,True
642,False
643,True
644,False
645,True
646,True
647,False
648,False
649,True
650,True
651,True
652,False
653,False
654,True
655,True
656,True
657,True
658,True
659,False
660,False
661,True
662,False
663,False
664,False
665,True
666,True
667,True
668,True
669,False
670,True
671,True
672,True
673,False
674,True
675,False
676,False
677,True
678,False
679,True
680,True
681,False
682,False
683,True
684,True
685,True
686,False
687,True
688,True
689,True
690,True
691,False
692,True
693,False
694,False
695,True
696,True
697,False
698,False
699,True
700,True
701,False
702,False
703,False
704,False
705,True
706,False
707,False
708,True
709,True
710,True
711,False
712,True
713,True
714,True
715,True
716,False
717,False
718,True
719,False
720,True
721,True
722,True
723,True
724,True
725,False
726,True
727,True
728,True
729,True
730,True
731,True
732,True
733,True
734,True
735,False
736,False
737,True
738,False
739,False
740,False
741,True
742,False
743,True
744,False
745,True
746,True
747,False
748,True
749,True
750,True
751,False
752,True
753,True
754,True
755,False
756,True
757,True
758,True
759,False
760,False
761,False
762,False
763,True
764,True
765,False
766,False
767,False
768,True
769,False
770,True
771,False
772,False
773,False
774,False
775,True
776,True
777,True
778,True
779,True
780,False
781,True
782,True
783,False
784,False
785,True
786,False
787,True
788,True
789,False
790,False
791,True
792,False
793,True
794,False
795,True
796,False
797,False
798,True
799,True
800,False
801,False
802,True
803,False
804,True
805,True
806,False
807,True
808,False
809,True
810,False
811,True
812,True
813,True
814,True
815,False
816,True
817,True
818,False
819,True
820,False
821,False
822,False
823,True
824,True
825,True
826,True
827,False
828,False
829,True
830,True
831,True
832,False
833,True
834,False
835,True
836,True
837,True
838,True
839,True
840,True
841,False
842,False
843,False
844,True
845,True
846,True
847,True
848,True
849,True
850,True
851,True
852,True
853,False
854,True
855,True
856,True
857,True
858,False
859,True
860,True
861,False
862,True
863,True
864,False
865,True
866,False
867,True
868,False
869,False
870,True
871,True
872,True
873,False
874,True
875,False
876,True
877,False
878,True
879,False
880,False
881,True
882,True
883,True
884,True
885,False
886,False
887,False
888,False
889,True
890,True
891,False
892,True
893,False
894,True
895,True
896,False
897,True
898,False
899,True
900,False
901,True
902,True
903,False
904,False
905,False
906,False
907,True
908,True
909,True
910,True
911,True
912,True
913,True
914,True
915,True
916,False
917,True
918,False
919,True
920,True
921,True
922,True
923,True
924,True
925,False
926,True
927,True
928,True
929,False
930,True
931,False
932,True
933,True
934,True
935,False
936,True
937,True
938,False
939,True
940,True
941,True
942,False
943,True
944,False
945,False
946,True
947,True
948,False
949,False
950,True
951,False
952,False
953,False
954,False
955,False
956,True
957,False
958,True
959,True
960,True
961,True
962,False
963,True
964,True
965,True
966,True
967,True
968,False
969,True
970,True
971,True
972,True
973,True
974,True
975,True
976,True
977,False
978,True
979,False
980,True
981,True
982,False
983,False
984,True
985,True
986,True
987,False
988,True
989,True
990,False
991,True
992,True
993,True
994,False
995,True
996,True
997,True
998,False
999,True
1000,True
1001,False
1002,False
1003,True
1004,False
1005,True
1006,False
1007,False
1008,True
1009,True
1010,True
1011,False
1012,True
1013,False
1014,True
1015,True
1016,True
1017,True
1018,True
1019,False
1020,False
1021,True
1022,True
1023,False
1024,True
1025,True
1026,True
1027,True
1028,False
1029,False
1030,False
1031,True
1032,True
1033,True
1034,False
1035,False
1036,False
1037,True
1038,True
1039,False
1040,False
1041,False
1042,True
1043,True
1044,True
1045,True
1046,True
1047,True
1048,False
1049,False
1050,False
1051,True
1052,True
1053,True
1054,True
1055,True
1056,True
1057,True
1058,True
1059,True
1060,False
1061,False
1062,False
1063,False
1064,True
1065,True
1066,False
1067,False
1068,True
1069,True
1070,True
1071,False
1072,True
1073,True
1074,True
1075,False
1076,False
1077,True
1078,False
1079,True
1080,True
1081,True
1082,True
1083,False
1084,True
1085,True
1086,False
1087,False
1088,True
1089,False
1090,True
1091,False
1092,False
1093,True
1094,False
1095,True
1096,True
1097,True
1098,True
1099,True
1100,True
1101,True
1102,False
1103,False
1104,True
1105,False
1106,True
1107,True
1108,True
1109,False
1110,True
1111,True
1112,True
1113,True
1114,False
1115,True
1116,True
1117,True
1118,False
1119,True
1120,True
1121,True
1122,False
1123,False
1124,True
1125,False
1126,True
1127,False
1128,False
1129,True
1130,True
1131,True
1132,False
1133,True
1134,True
1135,False
1136,True
1137,True
1138,True
1139,True
1140,True
1141,True
1142,False
1143,True
1144,True
1145,False
1146,True
1147,False
1148,True
1149,True
1150,False
1151,False
1152,False
1153,False
1154,True
1155,True
1156,True
1157,True
1158,True
1159,False
1160,True
1161,True
1162,False
1163,True
1164,False
1165,False
1166,True
1167,False
1168,True
1169,False
1170,True
1171,False
1172,False
1173,True
1174,False
1175,False
1176,False
1177,True
1178,False
1179,True
1180,False
1181,False
1182,True
1183,True
1184,True
1185,True
1186,False
1187,True
1188,False
1189,False
1190,False
1191,False
1192,False
1193,True
1194,False
1195,True
1196,False
1197,False
1198,True
1199,True
1200,True
1201,False
1202,True
1203,False
1204,True
1205,True
1206,False
1207,False
1208,True
1209,True
1210,True
1211,True
1212,True
1213,True
1214,True
1215,False
1216,False
1217,False
1218,False
1219,True
1220,False
1221,False
1222,True
1223,False
1224,False
1225,False
1226,True
1227,False
1228,True
1229,False
1230,False
1231,False
1232,True
1233,True
1234,False
1235,False
1236,True
1237,True
1238,False
1239,False
1240,False
1241,True
1242,False
1243,False
1244,False
1245,False
1246,False
1247,True
1248,True
1249,False
1250,False
1251,True
1252,True
1253,False
1254,True
1255,True
1256,False
1257,False
1258,True
1259,False
1260,False
1261,False
1262,True
1263,False
1264,False
1265,True
1266,True
1267,False
1268,False
1269,True
1270,False
1271,False
1272,False
1273,False
1274,True
1275,True
1276,True
1277,True
1278,False
1279,True
1280,False
1281,True
1282,True
1283,False
1284,False
1285,False
1286,True
1287,False
1288,True
1289,False
1290,True
1291,False
1292,False
1293,False
1294,False
1295,True
1296,True
1297,True
1298,False
1299,True
1300,True
1301,False
1302,True
1303,True
1304,True
1305,False
1306,True
1307,True
1308,True
1309,True
1310,True
1311,True
1312,True
1313,True
1314,True
1315,False
1316,True
1317,True
1318,False
1319,False
1320,False
1321,False
1322,True
1323,False
1324,True
1325,True
1326,True
1327,False
1328,True
1329,False
1330,True
1331,True
1332,True
1333,True
1334,True
1335,False
1336,True
1337,False
1338,True
1339,False
1340,True
1341,False
1342,True
1343,True
1344,False
1345,True
1346,True
1347,False
1348,True
1349,True
1350,True
1351,True
1352,False
1353,True
1354,False
1355,False
1356,False
1357,True
1358,False
1359,False
1360,True
1361,False
1362,True
1363,False
1364,True
1365,False
1366,True
1367,False
1368,True
1369,False
1370,False
1371,False
1372,True
1373,True
1374,False
1375,True
1376,False
1377,False
1378,False
1379,True
1380,False
1381,False
1382,False
1383,True
1384,True
1385,True
1386,False
1387,False
1388,False
1389,False
1390,False
1391,True
1392,True
1393,True
1394,False
1395,False
1396,False
1397,True
1398,True
1399,True
1400,True
1401,False
1402,True
1403,True
1404,False
1405,False
1406,True
1407,False
1408,True
1409,False
1410,True
1411,True
1412,True
1413,True
1414,False
1415,True
1416,False
1417,False
1418,False
1419,True
1420,True
1421,True
1422,False
1423,True
1424,True
1425,True
1426,False
1427,False
1428,True
1429,True
1430,True
1431,True
1432,False
1433,True
1434,True
1435,True
1436,False
1437,False
1438,True
1439,True
1440,True
1441,True
1442,False
1443,True
1444,True
1445,True
1446,True
1447,False
1448,False
1449,True
1450,True
1451,False
1452,True
1453,False
1454,False
1455,False
1456,True
1457,True
1458,False
1459,False
1460,False
1461,False
1462,False
1463,True
1464,True
1465,True
1466,True
1467,True
1468,True
1469,True
1470,True
1471,True
1472,True
1473,False
1474,True
1475,False
1476,True
1477,False
1478,True
1479,True
1480,False
1481,True
1482,False
1483,False
1484,False
1485,True
1486,False
1487,True
1488,True
1489,True
1490,False
1491,False
1492,False
1493,True
1494,True
1495,True
1496,False
1497,True
1498,False
1499,True
1500,True
1501,False
1502,False
1503,True
1504,True
1505,True
1506,True
1507,True
1508,True
1509,False
1510,False
1511,True
1512,True
1513,False
1514,False
1515,True
1516,False
1517,True
1518,True
1519,True
1520,True
1521,False
1522,True
1523,False
1524,True
1525,True
1526,True
1527,False
1528,True
1529,True
1530,False
1531,True
1532,True
1533,True
1534,False
1535,True
1536,False
1537,True
1538,False
1539,False
1540,False
1541,True
1542,True
1543,True
1544,False
1545,False
1546,True
1547,True
1548,True
1549,True
1550,True
1551,True
1552,False
1553,True
1554,True
1555,True
1556,False
1557,False
1558,True
1559,False
1560,False
1561,True
1562,True
1563,False
1564,True
1565,False
1566,True
1567,True
1568,False
1569,False
1570,False
1571,True
1572,True
1573,False
1574,True
1575,False
1576,False
1577,False
1578,False
1579,False
1580,False
1581,True
1582,True
1583,True
1584,True
1585,False
1586,True
1587,False
1588,False
1589,True
1590,True
1591,True
1592,True
1593,False
1594,False
1595,False
1596,True
1597,True
1598,True
1599,False
1600,True
1601,True
1602,False
1603,True
1604,True
1605,False
1606,True
1607,False
1608,True
1609,True
1610,False
1611,True
1612,True
1613,False
1614,True
1615,True
1616,False
1617,False
1618,True
1619,True
1620,False
1621,False
1622,False
1623,True
1624,False
1625,False
1626,True
1627,False
1628,False
1629,False
1630,False
1631,True
1632,True
1633,True
1634,True
1635,False
1636,False
1637,True
1638,True
1639,True
1640,True
1641,True
1642,True
1643,False
1644,True
1645,True
1646,False
1647,False
1648,False
1649,False
1650,False
1651,True
1652,False
1653,False
1654,False
1655,True
1656,True
1657,True
1658,True
1659,True
1660,True
1661,True
1662,True
1663,True
1664,True
1665,True
1666,False
1667,False
1668,False
1669,False
1670,False
1671,False
1672,False
1673,True
1674,False
1675,True
1676,True
1677,True
1678,True
1679,True
1680,True
1681,True
1682,True
1683,True
1684,True
1685,False
1686,False
1687,False
1688,True
1689,True
1690,True
1691,True
1692,True
1693,True
1694,True
1695,True
1696,True
1697,True
1698,False
1699,True
1700,True
1701,False
1702,True
1703,False
1704,True
1705,True
1706,True
1707,False
1708,False
1709,False
1710,False
1711,True
1712,False
1713,False
1714,False
1715,True
1716,False
1717,True
1718,False
1719,False
1720,True
1721,True
1722,False
1723,False
1724,False
1725,True
1726,True
1727,False
1728,False
1729,False
1730,True
1731,True
1732,False
1733,False
1734,False
1735,True
1736,True
1737,False
1738,True
1739,True
1740,False
1741,True
1742,True
1743,False
1744,False
1745,True
1746,True
1747,False
1748,True
1749,False
1750,False
1751,True
1752,False
1753,True
1754,True
1755,True
1756,True
1757,True
1758,True
1759,False
1760,False
1761,False
1762,True
1763,True
1764,True
1765,False
1766,False
1767,True
1768,True
1769,False
1770,True
1771,True
1772,True
1773,False
1774,True
1775,False
1776,False
1777,False
1778,True
1779,True
1780,False
1781,False
1782,False
1783,True
1784,True
1785,True
1786,False
1787,True
1788,True
1789,True
1790,True
1791,True
1792,False
1793,True
1794,False
1795,True
1796,True
1797,False
1798,True
1799,False
1800,True
1801,True
1802,True
1803,True
1804,True
1805,False
1806,False
1807,True
1808,True
1809,True
1810,False
1811,True
1812,True
1813,False
1814,True
1815,False
1816,True
1817,True
1818,True
1819,True
1820,False
1821,True
1822,False
1823,False
1824,False
1825,True
1826,False
1827,False
1828,False
1829,True
1830,False
1831,True
1832,True
1833,False
1834,False
1835,True
1836,False
1837,True
1838,False
1839,True
1840,True
1841,False
1842,True
1843,False
1844,True
1845,True
1846,True
1847,True
1848,False
1849,False
1850,False
1851,True
1852,False
1853,True
1854,True
1855,True
1856,False
1857,False
1858,False
1859,True
1860,False
1861,True
1862,True
1863,False
1864,True
1865,True
1866,True
1867,True
1868,False
1869,False
1870,True
1871,True
1872,False
1873,True
1874,True
1875,True
1876,True
1877,False
1878,False
1879,True
1880,True
1881,True
1882,True
1883,True
1884,False
1885,True
1886,True
1887,True
1888,True
1889,False
1890,True
1891,True
1892,True
1893,False
1894,False
1895,True
1896,False
1897,False
1898,False
1899,True
1900,False
1901,True
1902,False
1903,True
1904,True
1905,True
1906,False
1907,False
1908,False
1909,False
1910,True
1911,True
1912,True
1913,False
1914,True
1915,True
1916,False
1917,True
1918,True
1919,False
1920,True
1921,True
1922,False
1923,False
1924,True
1925,True
1926,True
1927,False
1928,True
1929,True
1930,True
1931,True
1932,False
1933,False
1934,False
1935,True
1936,True
1937,True
1938,False
1939,False
1940,False
1941,False
1942,True
1943,True
1944,False
1945,False
1946,True
1947,True
1948,False
1949,True
1950,True
1951,True
1952,True
1953,True
1954,True
1955,True
1956,False
1957,False
1958,True
1959,True
1960,True
1961,True
1962,True
1963,True
1964,True
1965,True
1966,False
1967,True
1968,True
1969,True
1970,False
1971,True
1972,False
1973,False
1974,True
1975,True
1976,False
1977,False
1978,True
1979,False
1980,False
1981,True
1982,False
1983,True
1984,True
1985,True
1986,False
1987,True
1988,True
1989,True
1990,False
1991,False
1992,True
1993,True
1994,True
1995,False
1996,True
1997,True
1998,False
1999,True
2000,True
2001,True
2002,True
2003,True
2004,True
2005,False
2006,True
2007,False
2008,False
2009,True
2010,True
2011,True
2012,True
2013,True
2014,True
2015,True
2016,True
2017,True
2018,False
2019,True
2020,True
2021,False
2022,True
2023,True
2024,True
2025,True
2026,False
2027,True
2028,True
2029,True
2030,True
2031,True
2032,False
2033,False
2034,False
2035,False
2036,True
2037,True
2038,True
2039,False
2040,False
2041,True
2042,True
2043,True
2044,True
2045,True
2046,True
2047,False
2048,True
2049,False
2050,True
2051,False
2052,True
2053,True
2054,True
2055,True
2056,True
2057,True
2058,False
2059,True
2060,False
2061,True
2062,True
2063,True
2064,True
2065,False
2066,False
2067,True
2068,True
2069,False
2070,True
2071,True
2072,False
2073,True
2074,False
2075,True
2076,False
2077,True
2078,True
2079,True
2080,True
2081,True
2082,False
2083,True
2084,True
2085,False
2086,True
2087,True
2088,True
2089,True
2090,True
2091,True
2092,True
2093,False
2094,True
2095,False
2096,True
2097,False
2098,False
2099,True
2100,False
2101,False
2102,False
2103,True
2104,True
2105,True
2106,False
2107,False
2108,False
2109,False
2110,True
2111,True
2112,True
2113,False
2114,True
2115,False
2116,True
2117,False
2118,True
2119,False
2120,False
2121,True
2122,True
2123,True
2124,False
2125,False
2126,True
2127,True
2128,False
2129,False
2130,True
2131,True
2132,True
2133,False
2134,True
2135,True
2136,False
2137,False
2138,False
2139,True
2140,False
2141,True
2142,False
2143,True
2144,True
2145,True
2146,True
2147,False
2148,False
2149,True
2150,False
2151,False
2152,True
2153,True
2154,True
2155,True
2156,True
2157,True
2158,False
2159,True
2160,True
2161,False
2162,False
2163,True
2164,False
2165,True
2166,True
2167,True
2168,False
2169,True
2170,True
2171,False
2172,False
2173,True
2174,False
2175,False
2176,True
2177,False
2178,False
2179,False
2180,False
2181,True
2182,True
2183,False
2184,True
2185,True
2186,True
2187,False
2188,True
2189,False
2190,True
2191,True
2192,True
2193,True
2194,True
2195,True
2196,False
2197,True
2198,True
2199,True
2200,True
2201,False
2202,True
2203,True
2204,True
2205,False
2206,False
2207,False
2208,True
2209,True
2210,True
2211,False
2212,False
2213,False
2214,False
2215,True
2216,True
2217,True
2218,False
2219,True
2220,False
2221,True
2222,True
2223,True
2224,False
2225,False
2226,False
2227,True
2228,True
2229,False
2230,True
2231,True
2232,True
2233,False
2234,True
2235,False
2236,True
2237,True
2238,True
2239,False
2240,False
2241,True
2242,True
2243,False
2244,True
2245,False
2246,True
2247,False
2248,True
2249,False
2250,True
2251,False
2252,True
2253,False
2254,True
2255,False
2256,True
2257,False
2258,True
2259,False
2260,True
2261,True
2262,False
2263,False
2264,True
2265,True
2266,False
2267,True
2268,True
2269,True
2270,False
2271,False
2272,True
2273,True
2274,True
2275,True
2276,True
2277,False
2278,False
2279,False
2280,False
2281,False
2282,False
2283,False
2284,True
2285,True
2286,False
2287,False
2288,True
2289,True
2290,True
2291,False
2292,False
2293,True
2294,True
2295,True
2296,True
2297,True
2298,False
2299,False
2300,True
2301,False
2302,True
2303,True
2304,True
2305,False
2306,False
2307,True
2308,True
2309,False
2310,True
2311,False
2312,True
2313,True
2314,True
2315,True
2316,True
2317,True
2318,True
2319,True
2320,True
2321,True
2322,False
2323,False
2324,True
2325,False
2326,False
2327,False
2328,False
2329,True
2330,True
2331,False
2332,True
2333,False
2334,False
2335,True
2336,False
2337,False
2338,True
2339,True
2340,False
2341,False
2342,True
2343,True
2344,False
2345,True
2346,False
2347,False
2348,True
2349,True
2350,True
2351,True
2352,False
2353,True
2354,True
2355,True
2356,True
2357,True
2358,False
2359,True
2360,True
2361,False
2362,False
2363,False
2364,True
2365,True
2366,True
2367,True
2368,False
2369,False
2370,False
2371,True
2372,False
2373,False
2374,False
2375,True
2376,True
2377,True
2378,True
2379,True
2380,True
2381,False
2382,True
2383,True
2384,False
2385,True
2386,False
2387,False
2388,False
2389,False
2390,False
2391,True
2392,False
2393,False
2394,False
2395,False
2396,True
2397,False
2398,True
2399,False
2400,True
2401,True
2402,True
2403,True
2404,True
2405,True
2406,True
2407,False
2408,False
2409,False
2410,True
2411,False
2412,True
2413,True
2414,False
2415,True
2416,True
2417,False
2418,True
2419,False
2420,False
2421,False
2422,True
2423,True
2424,True
2425,True
2426,False
2427,True
2428,False
2429,True
2430,True
2431,True
2432,False
2433,True
2434,True
2435,True
2436,False
2437,True
2438,False
2439,True
2440,True
2441,False
2442,True
2443,False
2444,True
2445,False
2446,True
2447,True
2448,False
2449,False
2450,True
2451,False
2452,True
2453,False
2454,True
2455,True
2456,False
2457,False
2458,False
2459,True
2460,False
2461,True
2462,False
2463,False
2464,False
2465,True
2466,True
2467,True
2468,False
2469,False
2470,True
2471,False
2472,True
2473,True
2474,True
2475,True
2476,True
2477,True
2478,True
2479,False
2480,False
2481,True
2482,False
2483,True
2484,True
2485,False
2486,True
2487,True
2488,False
2489,False
2490,True
2491,True
2492,False
2493,True
2494,True
2495,False
2496,False
2497,True
2498,True
2499,True
2500,False
2501,True
2502,False
2503,True
2504,False
2505,False
2506,True
2507,True
2508,True
2509,False
2510,False
2511,True
2512,True
2513,False
2514,True
2515,True
2516,True
2517,True
2518,True
2519,True
2520,True
2521,False
2522,False
2523,False
2524,True
2525,True
2526,True
2527,False
2528,True
2529,False
2530,False
2531,False
2532,False
2533,False
2534,False
2535,False
2536,False
2537,True
2538,False
2539,False
2540,True
2541,True
2542,True
2543,True
2544,True
2545,True
2546,False
2547,False
2548,True
2549,False
2550,False
2551,False
2552,True
2553,False
2554,True
2555,True
2556,True
2557,True
2558,True
2559,False
2560,False
2561,True
2562,False
2563,True
2564,False
2565,True
2566,False
2567,False
2568,False
2569,False
2570,True
2571,True
2572,False
2573,True
2574,False
2575,True
2576,True
2577,True
2578,False
2579,True
2580,False
2581,True
2582,False
2583,False
2584,True
2585,True
2586,True
2587,True
2588,True
2589,False
2590,True
2591,True
2592,True
2593,True
2594,True
2595,True
2596,True
2597,True
2598,True
2599,True
2600,False
2601,False
2602,False
2603,True
2604,False
2605,False
2606,False
2607,False
2608,False
2609,True
2610,True
2611,True
2612,False
2613,True
2614,False
2615,False
2616,False
2617,True
2618,True
2619,True
2620,True
2621,False
2622,False
2623,True
2624,False
2625,True
2626,True
2627,True
2628,True
2629,False
2630,False
2631,True
2632,False
2633,True
2634,False
2635,False
2636,True
2637,True
2638,True
2639,True
2640,True
2641,False
2642,True
2643,True
2644,True
2645,False
2646,True
2647,False
2648,True
2649,True
2650,False
2651,False
2652,True
2653,False
2654,True
2655,True
2656,True
2657,False
2658,False
2659,True
2660,True
2661,True
2662,True
2663,True
2664,False
2665,False
2666,True
2667,False
2668,False
2669,True
2670,False
2671,False
2672,False
2673,False
2674,False
2675,True
2676,False
2677,True
2678,False
2679,False
2680,False
2681,True
2682,False
2683,False
2684,False
2685,True
2686,True
2687,False
2688,True
2689,False
2690,False
2691,True
2692,True
2693,False
2694,True
2695,True
2696,True
2697,False
2698,True
2699,True
2700,False
2701,False
2702,False
2703,True
2704,False
2705,False
2706,True
2707,False
2708,True
2709,True
2710,True
2711,True
2712,False
2713,False
2714,True
2715,True
2716,True
2717,True
2718,True
2719,False
2720,False
2721,True
2722,False
2723,False
2724,False
2725,True
2726,True
2727,True
2728,False
2729,True
2730,False
2731,True
2732,False
2733,True
2734,False
2735,False
2736,False
2737,False
2738,True
2739,True
2740,True
2741,True
2742,True
2743,True
2744,True
2745,True
2746,False
2747,False
2748,True
2749,False
2750,True
2751,False
2752,False
2753,True
2754,False
2755,True
2756,False
2757,True
2758,False
2759,False
2760,True
2761,False
2762,True
2763,True
2764,False
2765,False
2766,True
2767,True
2768,True
2769,True
2770,False
2771,True
2772,True
2773,True
2774,True
2775,False
2776,False
2777,False
2778,True
2779,True
2780,True
2781,False
2782,False
2783,True
2784,True
2785,True
2786,True
2787,False
2788,True
2789,True
2790,True
2791,True
2792,True
2793,True
2794,True
2795,True
2796,False
2797,True
2798,True
2799,False
2800,True
2801,True
2802,True
2803,False
2804,True
2805,False
2806,False
2807,True
2808,True
2809,True
2810,True
2811,True
2812,False
2813,True
2814,False
2815,True
2816,True
2817,False
2818,True
2819,True
2820,True
2821,True
2822,False
2823,False
2824,False
2825,False
2826,False
2827,True
2828,False
2829,False
2830,False
2831,True
2832,False
2833,False
2834,True
2835,False
2836,False
2837,False
2838,False
2839,True
2840,True
2841,False
2842,True
2843,True
2844,False
2845,False
2846,False
2847,False
2848,False
2849,True
2850,False
2851,False
2852,False
2853,True
2854,False
2855,True
2856,True
2857,True
2858,False
2859,False
2860,False
2861,False
2862,False
2863,True
2864,True
2865,False
2866,True
2867,True
2868,False
2869,False
2870,False
2871,False
2872,True
2873,False
2874,True
2875,True
2876,True
2877,False
2878,True
2879,True
2880,True
2881,True
2882,False
2883,True
2884,True
2885,True
2886,True
2887,True
2888,False
2889,True
2890,True
2891,True
2892,False
2893,True
2894,False
2895,False
2896,False
2897,True
2898,True
2899,False
2900,True
2901,True
2902,True
2903,True
2904,False
2905,False
2906,False
2907,True
2908,False
2909,False
2910,False
2911,True
2912,False
2913,True
2914,True
2915,False
2916,False
2917,False
2918,False
2919,False
2920,False
2921,False
2922,True
2923,True
2924,False
2925,False
2926,False
2927,True
2928,False
2929,True
2930,True
2931,True
2932,True
2933,True
2934,True
2935,True
2936,False
2937,True
2938,True
2939,True
2940,True
2941,True
2942,True
2943,True
2944,False
2945,True
2946,False
2947,True
2948,True
2949,True
2950,True
2951,True
2952,False
2953,False
2954,True
2955,True
2956,True
2957,False
2958,True
2959,True
2960,True
2961,True
2962,False
2963,True
2964,True
2965,True
2966,True
2967,True
2968,True
2969,True
2970,False
2971,False
2972,True
2973,True
2974,False
2975,False
2976,False
2977,False
2978,True
2979,True
2980,True
2981,True
2982,False
2983,False
2984,True
2985,True
2986,False
2987,True
2988,False
2989,True
2990,True
2991,True
2992,True
2993,True
2994,True
2995,True
2996,False
2997,True
2998,True
2999,False
3000,False
3001,False
3002,True
3003,True
3004,True
3005,True
3006,False
3007,True
3008,False
3009,False
3010,True
3011,False
3012,False
3013,False
3014,False
3015,False
3016,True
3017,False
3018,True
3019,False
3020,True
3021,True
3022,True
3023,False
3024,False
3025,False
3026,True
3027,False
3028,False
3029,False
3030,False
3031,True
3032,False
3033,False
3034,False
3035,False
3036,False
3037,True
3038,True
3039,False
3040,True
3041,True
3042,False
3043,False
3044,False
3045,True
3046,True
3047,False
3048,False
3049,True
3050,True
3051,False
3052,True
3053,True
3054,True
3055,False
3056,True
3057,False
3058,True
3059,True
3060,True
3061,True
3062,True
3063,True
3064,False
3065,True
3066,False
3067,True
3068,True
3069,True
3070,True
3071,False
3072,True
3073,True
3074,True
3075,True
3076,False
3077,True
3078,True
3079,False
3080,False
3081,True
3082,True
3083,False
3084,True
3085,True
3086,False
3087,True
3088,False
3089,False
3090,True
3091,True
3092,True
3093,True
3094,False
3095,True
3096,True
3097,True
3098,False
3099,False
3100,True
3101,True
3102,False
3103,False
3104,True
3105,True
3106,False
3107,False
3108,True
3109,False
3110,False
3111,True
3112,False
3113,True
3114,True
3115,True
3116,True
3117,True
3118,True
3119,True
3120,False
3121,True
3122,True
3123,False
3124,True
3125,True
3126,False
3127,True
3128,True
3129,False
3130,True
3131,True
3132,False
3133,True
3134,False
3135,False
3136,False
3137,False
3138,True
3139,True
3140,True
3141,True
3142,False
3143,True
3144,False
3145,True
3146,False
3147,True
3148,False
3149,False
3150,False
3151,False
3152,True
3153,True
3154,True
3155,False
3156,True
3157,False
3158,True
3159,True
3160,False
3161,False
3162,False
3163,False
3164,True
3165,False
3166,True
3167,True
3168,False
3169,False
3170,False
3171,False
3172,True
3173,False
3174,True
3175,False
3176,False
3177,False
3178,True
3179,False
3180,False
3181,False
3182,False
3183,False
3184,True
3185,False
3186,True
3187,True
3188,False
3189,False
3190,True
3191,True
3192,False
3193,False
3194,False
3195,True
3196,False
3197,True
3198,True
3199,False
3200,True
3201,True
3202,True
3203,True
3204,True
3205,False
3206,True
3207,False
3208,True
3209,True
3210,False
3211,True
3212,True
3213,False
3214,True
3215,False
3216,True
3217,False
3218,True
3219,False
3220,True
3221,False
3222,False
3223,True
3224,False
3225,False
3226,False
3227,False
3228,True
3229,True
3230,False
3231,False
3232,True
3233,False
3234,True
3235,False
3236,True
3237,False
3238,True
3239,False
3240,True
3241,True
3242,True
3243,False
3244,True
3245,False
3246,False
3247,False
3248,True
3249,True
3250,False
3251,True
3252,True
3253,False
3254,False
3255,True
3256,True
3257,False
3258,False
3259,True
3260,True
3261,True
3262,True
3263,True
3264,True
3265,True
3266,True
3267,False
3268,True
3269,False
3270,False
3271,True
3272,True
3273,False
3274,True
3275,True
3276,True
3277,True
3278,True
3279,True
3280,False
3281,True
3282,False
3283,True
3284,True
3285,False
3286,True
3287,False
3288,True
3289,False
3290,True
3291,True
3292,True
3293,True
3294,False
3295,True
3296,True
3297,False
3298,True
3299,False
3300,False
3301,True
3302,True
3303,True
3304,False
3305,False
3306,True
3307,False
3308,True
3309,True
3310,True
3311,True
3312,True
3313,False
3314,False
3315,True
3316,False
3317,True
3318,False
3319,False
3320,True
3321,True
3322,False
3323,False
3324,False
3325,True
3326,False
3327,True
3328,False
3329,True
3330,True
3331,False
3332,True
3333,True
3334,True
3335,False
3336,True
3337,True
3338,True
3339,True
3340,False
3341,True
3342,False
3343,True
3344,False
3345,True
3346,False
3347,False
3348,True
3349,True
3350,True
3351,False
3352,True
3353,True
3354,False
3355,False
3356,True
3357,True
3358,False
3359,True
3360,True
3361,False
3362,False
3363,False
3364,False
3365,False
3366,True
3367,False
3368,True
3369,True
3370,True
3371,True
3372,True
3373,True
3374,True
3375,True
3376,False
3377,True
3378,True
3379,False
3380,True
3381,False
3382,True
3383,False
3384,False
3385,True
3386,False
3387,True
3388,False
3389,False
3390,True
3391,False
3392,True
3393,False
3394,True
3395,True
3396,True
3397,True
3398,False
3399,True
3400,True
3401,False
3402,True
3403,False
3404,True
3405,True
3406,True
3407,True
3408,False
3409,True
3410,False
3411,True
3412,True
3413,True
3414,False
3415,True
3416,True
3417,True
3418,True
3419,False
3420,True
3421,False
3422,True
3423,True
3424,False
3425,True
3426,True
3427,True
3428,True
3429,True
3430,False
3431,True
3432,True
3433,False
3434,False
3435,True
3436,True
3437,False
3438,False
3439,True
3440,True
3441,True
3442,True
3443,True
3444,False
3445,False
3446,True
3447,False
3448,False
3449,True
3450,False
3451,True
3452,False
3453,True
3454,True
3455,True
3456,True
3457,True
3458,True
3459,False
3460,False
3461,True
3462,False
3463,False
3464,True
3465,False
3466,True
3467,False
3468,True
3469,True
3470,True
3471,True
3472,False
3473,False
3474,False
3475,True
3476,False
3477,False
3478,True
3479,False
3480,False
3481,False
3482,True
3483,True
3484,True
3485,False
3486,False
3487,True
3488,True
3489,False
3490,True
3491,True
3492,True
3493,False
3494,False
3495,True
3496,True
3497,False
3498,True
3499,True
3500,True
3501,True
3502,False
3503,True
3504,False
3505,False
3506,True
3507,False
3508,False
3509,False
3510,True
3511,True
3512,False
3513,True
3514,True
3515,False
3516,False
3517,False
3518,True
3519,True
3520,False
3521,True
3522,True
3523,False
3524,False
3525,True
3526,True
3527,False
3528,True
3529,True
3530,True
3531,True
3532,False
3533,True
3534,True
3535,True
3536,True
3537,True
3538,True
3539,False
3540,False
3541,False
3542,True
3543,True
3544,True
3545,False
3546,True
3547,True
3548,False
3549,True
3550,False
3551,True
3552,True
3553,True
3554,False
3555,True
3556,False
3557,True
3558,False
3559,True
3560,True
3561,True
3562,False
3563,True
3564,False
3565,True
3566,True
3567,True
3568,True
3569,False
3570,True
3571,True
3572,True
3573,True
3574,True
3575,True
3576,False
3577,True
3578,True
3579,False
3580,False
3581,False
3582,False
3583,True
3584,False
3585,True
3586,False
3587,True
3588,False
3589,True
3590,True
3591,False
3592,True
3593,True
3594,False
3595,True
3596,True
3597,True
3598,True
3599,False
3600,False
3601,True
3602,True
3603,True
3604,True
3605,True
3606,True
3607,False
3608,True
3609,True
3610,True
3611,False
3612,False
3613,False
3614,False
3615,True
3616,False
3617,True
3618,True
3619,True
3620,False
3621,True
3622,True
3623,True
3624,True
3625,False
3626,False
3627,True
3628,False
3629,True
3630,False
3631,False
3632,False
3633,True
3634,False
3635,True
3636,True
3637,True
3638,True
3639,True
3640,False
3641,True
3642,True
3643,True
3644,False
3645,False
3646,True
3647,True
3648,True
3649,False
3650,True
3651,True
3652,False
3653,False
3654,True
3655,True
3656,True
3657,False
3658,True
3659,True
3660,True
3661,True
3662,False
3663,True
3664,False
3665,False
3666,True
3667,False
3668,False
3669,False
3670,False
3671,True
3672,True
3673,True
3674,True
3675,False
3676,True
3677,True
3678,True
3679,False
3680,False
3681,True
3682,False
3683,True
3684,True
3685,False
3686,True
3687,False
3688,False
3689,True
3690,True
3691,False
3692,True
3693,True
3694,True
3695,False
3696,True
3697,True
3698,True
3699,False
3700,True
3701,True
3702,True
3703,True
3704,True
3705,True
3706,True
3707,True
3708,False
3709,True
3710,True
3711,False
3712,True
3713,True
3714,False
3715,True
3716,True
3717,True
3718,False
3719,False
3720,False
3721,True
3722,False
3723,False
3724,False
3725,False
3726,False
3727,True
3728,True
3729,True
3730,False
3731,False
3732,False
3733,True
3734,True
3735,True
3736,True
3737,True
3738,False
3739,True
3740,False
3741,True
3742,False
3743,True
3744,True
3745,False
3746,True
3747,True
3748,False
3749,False
3750,False
3751,True
3752,True
3753,True
3754,True
3755,True
3756,False
3757,True
3758,False
3759,True
3760,True
3761,True
3762,False
3763,False
3764,False
3765,True
3766,False
3767,False
3768,True
3769,True
3770,False
3771,False
3772,True
3773,False
3774,False
3775,False
3776,False
3777,True
3778,False
3779,False
3780,True
3781,False
3782,False
3783,True
3784,False
3785,True
3786,False
3787,True
3788,False
3789,True
3790,False
3791,False
3792,True
3793,True
3794,True
3795,False
3796,True
3797,True
3798,True
3799,True
3800,False
3801,False
3802,True
3803,True
3804,True
3805,True
3806,True
3807,True
3808,False
3809,True
3810,True
3811,True
3812,True
3813,False
3814,True
3815,True
3816,False
3817,False
3818,True
3819,False
3820,False
3821,False
3822,True
3823,True
3824,False
3825,True
3826,False
3827,False
3828,True
3829,True
3830,False
3831,False
3832,False
3833,False
3834,False
3835,True
3836,False
3837,True
3838,True
3839,True
3840,True
3841,True
3842,True
3843,False
3844,False
3845,True
3846,True
3847,False
3848,True
3849,True
3850,True
3851,True
3852,True
3853,True
3854,False
3855,False
3856,False
3857,True
3858,False
3859,False
3860,False
3861,False
3862,False
3863,True
3864,False
3865,True
3866,True
3867,True
3868,True
3869,True
3870,False
3871,True
3872,True
3873,True
3874,False
3875,False
3876,False
3877,True
3878,False
3879,False
3880,False
3881,True
3882,True
3883,False
3884,False
3885,False
3886,True
3887,True
3888,False
3889,True
3890,True
3891,False
3892,False
3893,False
3894,True
3895,False
3896,True
3897,False
3898,True
3899,True
3900,True
3901,False
3902,True
3903,True
3904,True
3905,True
3906,True
3907,True
3908,True
3909,False
3910,True
3911,False
3912,True
3913,False
3914,False
3915,True
3916,True
3917,True
3918,True
3919,True
3920,False
3921,True
3922,True
3923,True
3924,False
3925,True
3926,False
3927,True
3928,True
3929,True
3930,False
3931,True
3932,False
3933,False
3934,True
3935,False
3936,False
3937,True
3938,True
3939,False
3940,False
3941,True
3942,True
3943,False
3944,True
3945,False
3946,True
3947,False
3948,True
3949,True
3950,False
3951,True
3952,True
3953,True
3954,False
3955,True
3956,False
3957,False
3958,True
3959,True
3960,True
3961,True
3962,False
3963,False
3964,True
3965,False
3966,True
3967,False
3968,True
3969,True
3970,True
3971,False
3972,True
3973,False
3974,True
3975,False
3976,True
3977,False
3978,True
3979,True
3980,True
3981,True
3982,True
3983,True
3984,True
3985,False
3986,True
3987,True
3988,True
3989,False
3990,False
3991,False
3992,False
3993,False
3994,True
3995,True
3996,False
3997,True
3998,True
3999,False
4000,True
4001,True
4002,True
4003,True
4004,True
4005,False
4006,False
4007,False
4008,False
4009,True
4010,False
4011,True
4012,False
4013,False
4014,True
4015,True
4016,False
4017,True
4018,True
4019,True
4020,False
4021,False
4022,True
4023,True
4024,True
4025,True
4026,False
4027,False
4028,True
4029,True
4030,False
4031,True
4032,True
4033,True
4034,True
4035,True
4036,False
4037,False
4038,True
4039,False
4040,False
4041,True
4042,True
4043,True
4044,False
4045,False
4046,False
4047,True
4048,True
4049,True
4050,True
4051,True
4052,True
4053,True
4054,True
4055,True
4056,True
4057,False
4058,True
4059,False
4060,True
4061,True
4062,True
4063,True
4064,True
4065,False
4066,True
4067,False
4068,True
4069,False
4070,True
4071,True
4072,True
4073,False
4074,True
4075,True
4076,True
4077,True
4078,True
4079,False
4080,True
4081,False
4082,True
4083,True
4084,False
4085,True
4086,False
4087,False
4088,True
4089,True
4090,True
4091,False
4092,True
4093,True
4094,False
4095,False
4096,False
4097,False
4098,True
4099,False
4100,True
4101,False
4102,False
4103,False
4104,True
4105,True
4106,True
4107,False
4108,True
4109,True
4110,True
4111,True
4112,True
4113,True
4114,True
4115,False
4116,True
4117,False
4118,True
4119,False
4120,False
4121,False
4122,False
4123,False
4124,True
4125,True
4126,False
4127,True
4128,False
4129,False
4130,False
4131,True
4132,True
4133,False
4134,False
4135,False
4136,False
4137,True
4138,True
4139,True
4140,True
4141,True
4142,False
4143,False
4144,False
4145,True
4146,True
4147,True
4148,True
4149,True
4150,True
4151,False
4152,True
4153,True
4154,False
4155,False
4156,True
4157,True
4158,True
4159,False
4160,False
4161,False
4162,True
4163,False
4164,True
4165,True
4166,False
4167,True
4168,False
4169,True
4170,True
4171,True
4172,False
4173,True
4174,False
4175,True
4176,False
4177,False
4178,False
4179,True
4180,True
4181,True
4182,True
4183,False
4184,True
4185,True
4186,False
4187,True
4188,True
4189,True
4190,True
4191,True
4192,False
4193,True
4194,True
4195,True
4196,False
4197,False
4198,False
4199,True
4200,False
4201,True
4202,False
4203,False
4204,False
4205,False
4206,True
4207,False
4208,False
4209,False
4210,True
4211,True
4212,False
4213,True
4214,True
4215,True
4216,True
4217,False
4218,False
4219,True
4220,False
4221,False
4222,False
4223,False
4224,False
4225,False
4226,False
4227,True
4228,True
4229,True
4230,False
4231,True
4232,True
4233,True
4234,True
4235,True
4236,False
4237,True
4238,True
4239,True
4240,False
4241,False
4242,False
4243,True
4244,False
4245,False
4246,True
4247,True
4248,False
4249,True
4250,False
4251,True
4252,False
4253,False
4254,True
4255,True
4256,True
4257,True
4258,False
4259,False
4260,True
4261,True
4262,True
4263,True
4264,True
4265,False
4266,False
4267,False
4268,True
4269,False
4270,True
4271,True
4272,False
4273,False
4274,False
4275,True
4276,False
4277,True
4278,False
4279,False
4280,False
4281,False
4282,True
4283,False
4284,False
4285,False
4286,True
4287,True
4288,True
4289,False
4290,True
4291,False
4292,True
4293,False
4294,False
4295,True
4296,False
4297,True
4298,True
4299,True
4300,True
4301,True
4302,True
4303,False
4304,False
4305,False
4306,False
4307,True
4308,True
4309,True
4310,False
4311,True
4312,False
4313,False
4314,True
4315,False
4316,False
4317,True
4318,False
4319,False
4320,True
4321,False
4322,True
4323,True
4324,True
4325,True
4326,False
4327,True
4328,True
4329,False
4330,True
4331,True
4332,False
4333,True
4334,True
4335,True
4336,True
4337,True
4338,True
4339,False
4340,False
4341,True
4342,True
4343,False
4344,False
4345,True
4346,True
4347,True
4348,True
4349,False
4350,False
4351,False
4352,True
4353,True
4354,True
4355,True
4356,False
4357,True
4358,False
4359,False
4360,False
4361,True
4362,True
4363,False
4364,True
4365,False
4366,True
4367,False
4368,True
4369,False
4370,True
4371,False
4372,True
4373,True
4374,False
4375,True
4376,True
4377,False
4378,True
4379,False
4380,False
4381,True
4382,False
4383,False
4384,False
4385,False
4386,True
4387,False
4388,False
4389,False
4390,False
4391,True
4392,True
4393,True
4394,True
4395,False
4396,True
4397,False
4398,False
4399,True
4400,True
4401,False
4402,True
4403,False
4404,True
4405,True
4406,False
4407,True
4408,False
4409,True
4410,True
4411,False
4412,True
4413,False
4414,False
4415,False
4416,True
4417,False
4418,True
4419,True
4420,False
4421,True
4422,True
4423,False
4424,False
4425,False
4426,False
4427,False
4428,False
4429,False
4430,False
4431,True
4432,True
4433,True
4434,True
4435,False
4436,False
4437,False
4438,True
4439,False
4440,True
4441,False
4442,True
4443,False
4444,False
4445,False
4446,False
4447,True
4448,False
4449,True
4450,True
4451,False
4452,False
4453,False
4454,True
4455,True
4456,False
4457,True
4458,True
4459,False
4460,True
4461,True
4462,False
4463,True
4464,False
4465,False
4466,True
4467,False
4468,False
4469,True
4470,True
4471,False
4472,False
4473,False
4474,False
4475,True
4476,True
4477,True
4478,False
4479,True
4480,True
4481,False
4482,False
4483,True
4484,False
4485,False
4486,True
4487,True
4488,False
4489,True
4490,True
4491,True
4492,False
4493,True
4494,False
4495,True
4496,True
4497,True
4498,True
4499,True
4500,True
4501,True
4502,True
4503,True
4504,True
4505,False
4506,True
4507,False
4508,True
4509,True
4510,True
4511,True
4512,False
4513,False
4514,True
4515,True
4516,False
4517,False
4518,False
4519,True
4520,True
4521,False
4522,False
4523,False
4524,True
4525,False
4526,False
4527,False
4528,True
4529,True
4530,True
4531,False
4532,True
4533,True
4534,False
4535,True
4536,True
4537,True
4538,True
4539,True
4540,False
4541,True
4542,True
4543,False
4544,True
4545,True
4546,False
4547,True
4548,False
4549,False
4550,True
4551,True
4552,True
4553,False
4554,True
4555,True
4556,False
4557,True
4558,False
4559,True
4560,True
4561,False
4562,False
4563,True
4564,True
4565,True
4566,False
4567,True
4568,False
4569,True
4570,True
4571,False
4572,True
4573,False
4574,True
4575,True
4576,True
4577,True
4578,True
4579,False
4580,True
4581,True
4582,False
4583,False
4584,False
4585,True
4586,True
4587,False
4588,False
4589,False
4590,False
4591,False
4592,True
4593,False
4594,False
4595,True
4596,False
4597,False
4598,True
4599,True
4600,False
4601,True
4602,False
4603,True
4604,True
4605,True
4606,False
4607,False
4608,True
4609,False
4610,False
4611,False
4612,True
4613,True
4614,True
4615,False
4616,False
4617,False
4618,False
4619,True
4620,True
4621,True
4622,False
4623,False
4624,True
4625,True
4626,False
4627,True
4628,True
4629,True
4630,True
4631,False
4632,False
4633,True
4634,False
4635,True
4636,True
4637,False
4638,True
4639,True
4640,False
4641,False
4642,True
4643,True
4644,True
4645,True
4646,True
4647,True
4648,True
4649,True
4650,False
4651,True
4652,False
4653,False
4654,False
4655,False
4656,False
4657,True
4658,True
4659,True
4660,False
4661,True
4662,False
4663,True
4664,True
4665,True
4666,False
4667,True
4668,False
4669,True
4670,True
4671,False
4672,False
4673,True
4674,False
4675,False
4676,True
4677,False
4678,False
4679,False
4680,True
4681,False
4682,True
4683,True
4684,True
4685,True
4686,True
4687,True
4688,True
4689,False
4690,True
4691,True
4692,True
4693,True
4694,True
4695,False
4696,True
4697,False
4698,True
4699,False
4700,False
4701,False
4702,True
4703,False
4704,True
4705,True
4706,False
4707,True
4708,False
4709,True
4710,False
4711,True
4712,True
4713,True
4714,True
4715,True
4716,False
4717,False
4718,False
4719,True
4720,False
4721,True
4722,False
4723,True
4724,True
4725,True
4726,True
4727,True
4728,True
4729,False
4730,False
4731,True
4732,False
4733,True
4734,True
4735,True
4736,False
4737,True
4738,True
4739,True
4740,False
4741,True
4742,True
4743,False
4744,False
4745,True
4746,True
4747,False
4748,True
4749,True
4750,False
4751,True
4752,True
4753,False
4754,False
4755,False
4756,True
4757,True
4758,True
4759,False
4760,True
4761,True
4762,True
4763,False
4764,False
4765,True
4766,False
4767,True
4768,True
4769,True
4770,True
4771,False
4772,True
4773,True
4774,False
4775,False
4776,True
4777,True
4778,True
4779,False
4780,False
4781,True
4782,False
4783,False
4784,False
4785,False
4786,True
4787,False
4788,True
4789,True
4790,False
4791,True
4792,False
4793,True
4794,True
4795,True
4796,False
4797,False
4798,True
4799,False
4800,True
4801,True
4802,False
4803,True
4804,True
4805,True
4806,True
4807,False
4808,False
4809,True
4810,False
4811,False
4812,True
4813,False
4814,True
4815,True
4816,True
4817,True
4818,False
4819,False
4820,True
4821,True
4822,True
4823,True
4824,False
4825,False
4826,True
4827,True
4828,False
4829,False
4830,True
4831,False
4832,False
4833,False
4834,True
4835,False
4836,False
4837,False
4838,True
4839,True
4840,True
4841,False
4842,True
4843,False
4844,True
4845,False
4846,True
4847,False
4848,True
4849,True
4850,False
4851,True
4852,False
4853,False
4854,False
4855,True
4856,False
4857,True
4858,False
4859,True
4860,True
4861,False
4862,False
4863,True
4864,True
4865,False
4866,False
4867,True
4868,True
4869,True
4870,True
4871,False
4872,False
4873,False
4874,True
4875,True
4876,True
4877,True
4878,False
4879,False
4880,False
4881,True
4882,True
4883,True
4884,True
4885,True
4886,False
4887,False
4888,False
4889,True
4890,True
4891,True
4892,True
4893,True
4894,True
4895,True
4896,False
4897,False
4898,True
4899,False
4900,False
4901,True
4902,False
4903,False
4904,False
4905,False
4906,True
4907,True
4908,False
4909,True
4910,False
4911,True
4912,True
4913,False
4914,True
4915,False
4916,True
4917,False
4918,True
4919,True
4920,True
4921,True
4922,True
4923,True
4924,True
4925,False
4926,True
4927,True
4928,True
4929,True
4930,True
4931,True
4932,True
4933,False
4934,False
4935,True
4936,True
4937,False
4938,False
4939,True
4940,False
4941,False
4942,False
4943,True
4944,False
4945,True
4946,True
4947,True
4948,True
4949,False
4950,False
4951,False
4952,True
4953,True
4954,True
4955,False
4956,False
4957,False
4958,False
4959,False
4960,True
4961,True
4962,False
4963,True
4964,False
4965,True
4966,True
4967,True
4968,True
4969,True
4970,False
4971,True
4972,True
4973,False
4974,True
4975,True
4976,True
4977,True
4978,False
4979,False
4980,True
4981,False
4982,True
4983,True
4984,True
4985,False
4986,False
4987,True
4988,False
4989,False
4990,False
4991,True
4992,False
4993,False
4994,False
4995,True
4996,False
4997,True
4998,True
4999,True
5000,False
5001,True
5002,True
5003,True
5004,False
5005,True
5006,False
5007,False
5008,True
5009,True
5010,False
5011,False
5012,False
5013,True
5014,True
5015,False
5016,True
5017,True
5018,True
5019,True
5020,True
5021,False
5022,True
5023,False
5024,True
5025,True
5026,True
5027,False
5028,False
5029,False
5030,False
5031,True
5032,True
5033,False
5034,False
5035,True
5036,True
5037,True
5038,True
5039,False
5040,True
5041,False
5042,False
5043,True
5044,True
5045,True
5046,True
5047,True
5048,True
5049,True
5050,True
5051,False
5052,True
5053,True
5054,False
5055,False
5056,False
5057,True
5058,True
5059,True
5060,True
5061,True
5062,True
5063,False
5064,True
5065,True
5066,True
5067,True
5068,True
5069,True
5070,False
5071,True
5072,True
5073,True
5074,False
5075,True
5076,False
5077,True
5078,True
5079,True
5080,True
5081,False
5082,False
5083,True
5084,False
5085,True
5086,False
5087,False
5088,True
5089,True
5090,True
5091,True
5092,True
5093,True
5094,True
5095,False
5096,True
5097,False
5098,False
5099,True
5100,True
5101,True
5102,True
5103,True
5104,True
5105,True
5106,False
5107,False
5108,True
5109,True
5110,True
5111,True
5112,False
5113,True
5114,True
5115,True
5116,True
5117,False
5118,True
5119,True
5120,True
5121,True
5122,False
5123,True
5124,True
5125,True
5126,False
5127,True
5128,False
5129,True
5130,True
5131,True
5132,True
5133,True
5134,False
5135,True
5136,True
5137,True
5138,True
5139,True
5140,False
5141,False
5142,False
5143,True
5144,False
5145,False
5146,False
5147,True
5148,False
5149,False
5150,True
5151,True
5152,True
5153,False
5154,False
5155,False
5156,False
5157,False
5158,False
5159,True
5160,True
5161,True
5162,True
5163,True
5164,True
5165,True
5166,True
5167,False
5168,False
5169,True
5170,True
5171,True
5172,False
5173,True
5174,True
5175,True
5176,False
5177,True
5178,True
5179,True
5180,False
5181,False
5182,True
5183,True
5184,False
5185,True
5186,False
5187,False
5188,True
5189,False
5190,True
5191,False
5192,False
5193,True
5194,True
5195,False
5196,False
5197,True
5198,True
5199,True
5200,True
5201,True
5202,False
5203,True
5204,False
5205,False
5206,True
5207,True
5208,True
5209,True
5210,True
5211,False
5212,False
5213,False
5214,True
5215,True
5216,False
5217,True
5218,False
5219,True
5220,True
5221,False
5222,False
5223,False
5224,True
5225,True
5226,True
5227,True
5228,False
5229,True
5230,True
5231,True
5232,False
5233,True
5234,True
5235,True
5236,False
5237,True
5238,True
5239,False
5240,False
5241,True
5242,False
5243,True
5244,True
5245,True
5246,False
5247,False
5248,False
5249,True
5250,True
5251,True
5252,False
5253,True
5254,False
5255,True
5256,True
5257,True
5258,True
5259,True
5260,True
5261,True
5262,True
5263,True
5264,False
5265,False
5266,False
5267,True
5268,False
5269,True
5270,False
5271,True
5272,False
5273,False
5274,False
5275,False
5276,True
5277,False
5278,True
5279,True
5280,False
5281,False
5282,True
5283,False
5284,False
5285,False
5286,True
5287,True
5288,True
5289,True
5290,True
5291,True
5292,False
5293,True
5294,True
5295,True
5296,True
5297,False
5298,True
5299,True
5300,True
5301,True
5302,True
5303,False
5304,True
5305,True
5306,False
5307,False
5308,True
5309,False
5310,False
5311,False
5312,True
5313,True
5314,True
5315,False
5316,False
5317,True
5318,False
5319,True
5320,False
5321,True
5322,True
5323,False
5324,False
5325,False
5326,False
5327,False
5328,False
5329,False
5330,False
5331,True
5332,False
5333,True
5334,True
5335,True
5336,True
5337,False
5338,False
5339,False
5340,True
5341,False
5342,True
5343,True
5344,True
5345,True
5346,False
5347,False
5348,False
5349,False
5350,False
5351,False
5352,False
5353,True
5354,False
5355,True
5356,True
5357,True
5358,False
5359,True
5360,True
5361,True
5362,True
5363,True
5364,True
5365,False
5366,True
5367,False
5368,False
5369,True
5370,False
5371,True
5372,True
5373,False
5374,False
5375,True
5376,False
5377,False
5378,True
5379,False
5380,False
5381,False
5382,True
5383,True
5384,True
5385,False
5386,False
5387,False
5388,True
5389,False
5390,False
5391,False
5392,True
5393,True
5394,False
5395,False
5396,True
5397,True
5398,True
5399,True
5400,False
5401,True
5402,True
5403,True
5404,False
5405,True
5406,False
5407,True
5408,False
5409,True
5410,True
5411,True
5412,False
5413,True
5414,True
5415,False
5416,False
5417,True
5418,True
5419,True
5420,True
5421,False
5422,True
5423,True
5424,False
5425,False
5426,False
5427,False
5428,True
5429,False
5430,False
5431,False
5432,True
5433,False
5434,True
5435,True
5436,True
5437,False
5438,True
5439,True
5440,True
5441,True
5442,False
5443,True
5444,False
5445,False
5446,True
5447,True
5448,False
5449,False
5450,True
5451,True
5452,True
5453,True
5454,True
5455,False
5456,False
5457,True
5458,True
5459,True
5460,True
5461,True
5462,False
5463,True
5464,True
5465,False
5466,False
5467,False
5468,True
5469,True
5470,False
5471,False
5472,True
5473,True
5474,True
5475,False
5476,False
5477,True
5478,True
5479,True
5480,True
5481,True
5482,True
5483,True
5484,True
5485,False
5486,True
5487,False
5488,False
5489,False
5490,True
5491,True
5492,True
5493,True
5494,False
5495,False
5496,True
5497,False
5498,True
5499,False
5500,True
5501,False
5502,False
5503,False
5504,True
5505,False
5506,False
5507,False
5508,False
5509,True
5510,False
5511,False
5512,True
5513,True
5514,True
5515,True
5516,True
5517,True
5518,True
5519,True
5520,True
5521,False
5522,True
5523,True
5524,False
5525,True
5526,True
5527,False
5528,False
5529,False
5530,False
5531,True
5532,False
5533,True
5534,True
5535,False
5536,False
5537,False
5538,True
5539,False
5540,False
5541,False
5542,True
5543,False
5544,False
5545,False
5546,False
5547,False
5548,True
5549,False
5550,True
5551,True
5552,True
5553,False
5554,False
5555,True
5556,False
5557,False
5558,True
5559,False
5560,True
5561,False
5562,False
5563,True
5564,True
5565,True
5566,True
5567,False
5568,True
5569,False
5570,True
5571,False
5572,True
5573,False
5574,False
5575,True
5576,False
5577,False
5578,False
5579,True
5580,True
5581,True
5582,True
5583,False
5584,False
5585,True
5586,True
5587,False
5588,True
5589,True
5590,True
5591,False
5592,True
5593,True
5594,False
5595,True
5596,False
5597,True
5598,False
5599,False
5600,True
5601,True
5602,False
5603,True
5604,False
5605,False
5606,False
5607,True
5608,True
5609,True
5610,False
5611,True
5612,False
5613,True
5614,False
5615,True
5616,False
5617,False
5618,False
5619,True
5620,False
5621,False
5622,True
5623,False
5624,False
5625,False
5626,True
5627,True
5628,True
5629,False
5630,False
5631,False
5632,True
5633,False
5634,True
5635,True
5636,True
5637,False
5638,True
5639,False
5640,True
5641,False
5642,False
5643,True
5644,True
5645,True
5646,False
5647,False
5648,False
5649,True
5650,False
5651,True
5652,True
5653,False
5654,False
5655,False
5656,False
5657,True
5658,False
5659,False
5660,True
5661,True
5662,False
5663,False
5664,True
5665,False
5666,True
5667,True
5668,False
5669,True
5670,False
5671,True
5672,False
5673,False
5674,False
5675,False
5676,True
5677,False
5678,False
5679,True
5680,True
5681,True
5682,True
5683,True
5684,False
5685,True
5686,True
5687,True
5688,True
5689,True
5690,False
5691,True
5692,True
5693,True
5694,False
5695,True
5696,True
5697,False
5698,False
5699,True
5700,False
5701,True
5702,False
5703,True
5704,True
5705,False
5706,False
5707,True
5708,True
5709,False
5710,True
5711,False
5712,True
5713,False
5714,False
5715,True
5716,True
5717,False
5718,True
5719,False
5720,True
5721,True
5722,True
5723,True
5724,True
5725,False
5726,True
5727,True
5728,False
5729,False
5730,False
5731,True
5732,True
5733,True
5734,True
5735,False
5736,False
5737,True
5738,True
5739,False
5740,True
5741,True
5742,True
5743,True
5744,True
5745,False
5746,False
5747,True
5748,False
5749,False
5750,True
5751,False
5752,True
5753,True
5754,False
5755,False
5756,False
5757,False
5758,False
5759,False
5760,True
5761,True
5762,True
5763,True
5764,True
5765,True
5766,True
5767,True
5768,False
5769,True
5770,False
5771,True
5772,False
5773,True
5774,True
5775,True
5776,False
5777,False
5778,True
5779,False
5780,False
5781,True
5782,False
5783,True
5784,False
5785,True
5786,True
5787,False
5788,False
5789,True
5790,False
5791,True
5792,True
5793,True
5794,True
5795,False
5796,True
5797,False
5798,False
5799,False
5800,False
5801,True
5802,True
5803,True
5804,False
5805,False
5806,False
5807,True
5808,True
5809,False
5810,False
5811,True
5812,True
5813,True
5814,True
5815,False
5816,True
5817,False
5818,False
5819,True
5820,False
5821,True
5822,True
5823,False
5824,True
5825,False
5826,True
5827,True
5828,True
5829,True
5830,False
5831,False
5832,True
5833,False
5834,True
5835,True
5836,True
5837,False
5838,False
5839,False
5840,False
5841,True
5842,False
5843,False
5844,True
5845,False
5846,True
5847,True
5848,True
5849,True
5850,True
5851,True
5852,False
5853,False
5854,True
5855,True
5856,False
5857,True
5858,True
5859,False
5860,True
5861,False
5862,True
5863,False
5864,True
5865,False
5866,False
5867,True
5868,True
5869,False
5870,True
5871,True
5872,False
5873,True
5874,False
5875,True
5876,True
5877,True
5878,False
5879,False
5880,True
5881,False
5882,True
5883,False
5884,False
5885,True
5886,False
5887,True
5888,False
5889,False
5890,True
5891,False
5892,False
5893,True
5894,True
5895,False
5896,True
5897,False
5898,False
5899,True
5900,True
5901,False
5902,False
5903,True
5904,False
5905,True
5906,False
5907,False
5908,False
5909,True
5910,True
5911,False
5912,True
5913,False
5914,True
5915,True
5916,True
5917,False
5918,False
5919,True
5920,True
5921,False
5922,True
5923,False
5924,False
5925,True
5926,True
5927,False
5928,True
5929,False
5930,True
5931,False
5932,False
5933,False
5934,True
5935,False
5936,False
5937,False
5938,False
5939,True
5940,True
5941,True
5942,True
5943,False
5944,True
5945,False
5946,False
5947,True
5948,True
5949,False
5950,True
5951,True
5952,True
5953,True
5954,True
5955,True
5956,False
5957,True
5958,True
5959,True
5960,True
5961,True
5962,False
5963,False
5964,True
5965,False
5966,False
5967,False
5968,True
5969,True
5970,False
5971,False
5972,True
5973,True
5974,False
5975,True
5976,True
5977,True
5978,False
5979,False
5980,True
5981,True
5982,False
5983,False
5984,False
5985,True
5986,False
5987,True
5988,True
5989,False
5990,False
5991,True
5992,True
5993,True
5994,True
5995,True
5996,True
5997,False
5998,True
5999,False
6000,False
6001,True
6002,True
6003,True
6004,True
6005,True
6006,True
6007,True
6008,True
6009,True
6010,True
6011,False
6012,True
6013,False
6014,True
6015,True
6016,True
6017,True
6018,False
6019,True
6020,True
6021,True
6022,False
6023,True
6024,False
6025,True
6026,True
6027,True
6028,True
6029,True
6030,False
6031,False
6032,False
6033,False
6034,True
6035,True
6036,True
6037,True
6038,True
6039,True
6040,True
6041,True
6042,True
6043,True
6044,False
6045,True
6046,False
6047,False
6048,True
6049,False
6050,False
6051,False
6052,True
6053,True
6054,False
6055,False
6056,False
6057,True
6058,True
6059,False
6060,False
6061,True
6062,True
6063,True
6064,True
6065,True
6066,True
6067,True
6068,True
6069,False
6070,False
6071,True
6072,False
6073,False
6074,False
6075,False
6076,True
6077,False
6078,True
6079,True
6080,False
6081,True
6082,False
6083,True
6084,False
6085,False
6086,True
6087,True
6088,True
6089,True
6090,True
6091,False
6092,False
6093,False
6094,False
6095,False
6096,False
6097,False
6098,False
6099,True
6100,False
6101,False
6102,True
6103,False
6104,True
6105,False
6106,True
6107,False
6108,True
6109,True
6110,False
6111,True
6112,True
6113,True
6114,True
6115,True
6116,True
6117,False
6118,False
6119,False
6120,True
6121,True
6122,True
6123,True
6124,True
6125,False
6126,True
6127,False
6128,True
6129,False
6130,True
6131,False
6132,True
6133,True
6134,True
6135,False
6136,True
6137,True
6138,False
6139,True
6140,True
6141,False
6142,False
6143,True
6144,True
6145,True
6146,False
6147,False
6148,True
6149,True
6150,False
6151,True
6152,True
6153,True
6154,False
6155,False
6156,False
6157,True
6158,True
6159,False
6160,True
6161,False
6162,True
6163,True
6164,False
6165,False
6166,False
6167,True
6168,False
6169,False
6170,True
6171,False
6172,True
6173,True
6174,False
6175,True
6176,True
6177,True
6178,False
6179,True
6180,True
6181,True
6182,True
6183,False
6184,True
